Año,Mes,Bolivia,Chile,Colombia,Perú
1955,1,9.35E+01,6.91E+01,,4.65E+00
1955,2,9.57E+01,7.42E+01,,4.66E+00
1955,3,1.20E+02,7.26E+01,,5.15E+00
1955,4,1.03E+02,7.47E+01,,4.76E+00
1955,5,9.58E+01,7.70E+01,,5.16E+00
1955,6,8.03E+01,77.80285814,,5.55E+00
1955,7,7.62E+01,7.34E+01,-0.213561132,4.54E+00
1955,8,6.97E+01,6.60E+01,0.829120315,4.58E+00
1955,9,6.51E+01,7.33E+01,0.86706379,4.52E+00
1955,10,6.97E+01,7.60E+01,-0.083265216,4.35E+00
1955,11,6.10E+01,8.03E+01,0.666235816,4.12E+00
1955,12,6.86E+01,8.38E+01,0.573504472,4.44E+00
1956,1,1.03E+02,8.42E+01,0.10893951,4.88E+00
1956,2,1.28E+02,7.80E+01,0.448135544,4.71E+00
1956,3,1.10E+02,6.95E+01,0.511377878,4.66E+00
1956,4,9.78E+01,5.93E+01,-0.072302231,4.60E+00
1956,5,1.03E+02,5.53E+01,1.177586516,4.65E+00
1956,6,1.18E+02,5.24E+01,1.002010469,4.93E+00
1956,7,1.24E+02,5.31E+01,1.00170444,5.76E+00
1956,8,1.32E+02,5.51E+01,-0.532659515,6.10E+00
1956,9,1.61E+02,5.44E+01,1.426752532,6.45E+00
1956,10,2.26E+02,5.31E+01,0.95614037,6.51E+00
1956,11,2.58E+02,4.40E+01,0.492581155,6.21E+00
1956,12,4.75E+02,3.77E+01,-0.837542873,6.14E+00
1957,1,3.70E+02,3.24E+01,1.24764764,6.48E+00
1957,2,2.69E+02,3.17E+01,0.924887116,6.78E+00
1957,3,2.56E+02,3.34E+01,0.832609091,7.80E+00
1957,4,2.28E+02,3.68E+01,1.58357494,7.82E+00
1957,5,182.962963,3.69E+01,0.549055712,7.37E+00
1957,6,1.52E+02,3.83E+01,3.127497513,7.66E+00
1957,7,1.42E+02,4.09E+01,1.926129217,7.99E+00
1957,8,1.25E+02,3.74E+01,1.703697172,8.65E+00
1957,9,9.68E+01,4.37E+01,-0.422911379,7.70E+00
1957,10,5.93E+01,2.77E+01,0.22002053,6.70E+00
1957,11,4.50E+01,1.98E+01,-1.1130035,6.96E+00
1957,12,-13.76344086,1.72E+01,0.706943421,6.89E+00
1958,1,-1.38E+01,2.13E+01,-0.994972769,6.81E+00
1958,2,-6.308411215,2.48E+01,-1.186286752,7.96E+00
1958,3,-8.22E+00,2.50E+01,-0.185063098,7.21E+00
1958,4,-5.200945626,2.24E+01,32.66324158,7.09E+00
1958,5,2.62E+00,2.30E+01,34.23419165,7.61E+00
1958,6,6.40E+00,2.02E+01,28.67198154,7.83E+00
1958,7,4.80E+00,1.63E+01,29.91681786,8.08E+00
1958,8,9.67E+00,16.15546901,32.69612061,8.54E+00
1958,9,9.07E+00,5.97E+00,32.92567914,8.02E+00
1958,10,1.43E+01,1.59E+01,31.87241832,8.03E+00
1958,11,1.86E+01,2.72E+01,32.85140559,8.97E+00
1958,12,18.7032419,3.25E+01,32.66223328,9.02E+00
1959,1,1.65E+01,3.26E+01,35.15666309,9.05E+00
1959,2,2.17E+01,3.42E+01,34.39695908,7.84E+00
1959,3,1.99E+01,3.67E+01,31.84883047,8.26E+00
1959,4,2.14E+01,3.79E+01,-0.12184746,9.12E+00
1959,5,2.42E+01,3.87E+01,-1.228545446,1.00E+01
1959,6,2.26E+01,3.99E+01,0.216148328,1.08E+01
1959,7,2.57E+01,4.40E+01,0.503426754,1.13E+01
1959,8,2.67E+01,4.37E+01,-0.579798343,1.62E+01
1959,9,2.67E+01,4.25E+01,-0.499552229,1.70E+01
1959,10,1.53E+01,4.28E+01,-0.110197153,1.81E+01
1959,11,1.01E+01,3.63E+01,0.283914027,1.71E+01
1959,12,1.01E+01,3.32E+01,0.350077128,1.68E+01
1960,1,1.21E+01,3.09E+01,-1.183807949,1.64E+01
1960,2,1.05E+01,2.54E+01,-1.218967649,1.58E+01
1960,3,1.16E+01,2.04E+01,0.857632933,1.46E+01
1960,4,1.29E+01,1.50E+01,-0.611458395,1.25E+01
1960,5,1.05E+01,1.19E+01,0.029447755,1.12E+01
1960,6,1.25E+01,9.22E+00,-0.551586414,9.46E+00
1960,7,1.32E+01,7.30E+00,-0.144792421,8.35E+00
1960,8,1.17E+01,6.42E+00,0.158845776,3.44E+00
1960,9,1.11E+01,6.08E+00,0.584811552,4.39E+00
1960,10,1.40E+01,3.77E+00,0.535123134,4.74E+00
1960,11,1.38E+01,5.79E+00,0.941191634,3.58E+00
1960,12,1.07E+01,5.47E+00,0.220709478,2.44E+00
1961,1,8.70E+00,5.91E+00,0.202615887,3.53E+00
1961,2,7.05E+00,6.17E+00,0.730190221,3.89E+00
1961,3,7.06E+00,6.41E+00,0.311191419,5.47E+00
1961,4,7.27E+00,7.84E+00,1.076774057,7.44E+00
1961,5,8.92E+00,8.25E+00,25.41213769,8.42E+00
1961,6,7.09E+00,8.79E+00,25.04541887,6.59E+00
1961,7,6.26E+00,7.65E+00,24.7390826,6.32E+00
1961,8,5.338078292,7.30E+00,23.14574389,5.81E+00
1961,9,6.976744186,7.54E+00,23.90450659,5.69E+00
1961,10,7.80E+00,8.27E+00,24.24360377,4.11E+00
1961,11,8.39E+00,8.37E+00,24.20195642,6.22E+00
1961,12,7.41E+00,9.61E+00,24.52647237,8.79E+00
1962,1,8.52E+00,9.54E+00,24.88826227,8.20E+00
1962,2,7.11E+00,1.01E+01,24.59412123,8.65E+00
1962,3,1.04E+01,9.91E+00,24.11613699,7.56E+00
1962,4,7.46E+00,9.55E+00,23.9329867,6.62E+00
1962,5,7.34E+00,9.71E+00,-0.9940765,5.61E+00
1962,6,6.96E+00,1.09E+01,-0.06283678,7.89E+00
1962,7,6.57E+00,1.05E+01,0.719500387,7.57E+00
1962,8,5.74E+00,1.08E+01,1.21223372,5.82E+00
1962,9,5.02E+00,1.23E+01,1.255862153,4.84E+00
1962,10,1.77E+00,1.84E+01,0.151882404,6.36E+00
1962,11,1.11E+00,2.59E+01,0.129692809,5.74E+00
1962,12,3.21E+00,2.77E+01,0.148781773,4.84E+00
1963,1,1.12E+00,2.96E+01,3.274377014,5.23E+00
1963,2,1.13E+00,3.59E+01,5.963188635,4.38E+00
1963,3,-3.46E+00,3.92E+01,4.245265952,5.69E+00
1963,4,-2.05E+00,42.50441787,23.75695723,5.50E+00
1963,5,-1.430842607,46.30670708,21.38939545,4.96E+00
1963,6,-1.587301587,46.61443266,22.57156034,3.88E+00
1963,7,-2.05371248,48.82017642,19.76784944,4.84E+00
1963,8,-0.958466454,51.06389663,20.26152481,6.21E+00
1963,9,1.59E-01,53.59990216,20.5016709,6.83E+00
1963,10,-6.32E-01,46.38930804,21.59841765,7.48E+00
1963,11,-1.72E+00,43.47532071,21.72639558,8.41E+00
1963,12,-1.56E+00,45.3400487,20.14554041,8.79E+00
1964,1,8.56E+00,42.76644839,17.36110564,8.74E+00
1964,2,10.72,48.1922866,32.74183723,9.08E+00
1964,3,1.19E+01,50.58051549,36.19023069,7.83E+00
1964,4,10.95008052,51.00877851,14.40213161,8.49E+00
1964,5,1.08E+01,47.30218131,18.89099967,9.95E+00
1964,6,1.13E+01,48.22551207,15.84768126,1.09E+01
1964,7,1.13E+01,48.0324817,14.80838424,1.05E+01
1964,8,11.61290323,47.52530846,14.62607502,1.18E+01
1964,9,9.86E+00,44.68458874,14.73577803,1.15E+01
1964,10,10.01589825,47.50601286,13.90635823,9.90E+00
1964,11,10.01589825,40.07739187,15.19759744,8.40E+00
1964,12,1.04E+01,38.47030657,15.78321972,1.12E+01
1965,1,4.67E+00,38.26595336,16.63415862,1.25E+01
1965,2,3.03E+00,28.53742168,-1.52625254,1.42E+01
1965,3,4.22E+00,27.17825708,-0.880337805,1.59E+01
1965,4,3.92E+00,32.2359978,-0.54811167,1.87E+01
1965,5,2.47E+00,33.19962799,-1.870875839,1.85E+01
1965,6,1.01E+00,30.41233873,0.022809202,1.80E+01
1965,7,1.16E+00,28.19684453,15.33415932,1.75E+01
1965,8,8.67E-01,27.84609366,16.25251908,1.58E+01
1965,9,2.32E+00,25.87958106,16.09540439,1.54E+01
1965,10,3.47E+00,24.08406929,17.64181431,1.68E+01
1965,11,4.62E+00,27.55200237,14.94420515,1.80E+01
1965,12,4.86E+00,25.82524208,16.91847003,1.49E+01
1966,1,1.16E+00,27.52803119,14.13207008,1.26E+01
1966,2,1.67E+00,28.51819511,16.89387992,1.19E+01
1966,3,9.84E-01,26.91332949,15.44827749,1.01E+01
1966,4,2.81E+00,20.41014976,30.11967859,7.31E+00
1966,5,4.88E+00,19.51783702,28.47464007,6.60E+00
1966,6,7.02E+00,21.74391371,26.56106049,7.13E+00
1966,7,8.17E+00,23.63835221,12.52300634,8.14E+00
1966,8,8.995558739,22.74803647,11.98823622,9.41E+00
1966,9,1.06E+01,25.88147857,12.68447041,9.50E+00
1966,10,1.39E+01,23.211671,11.31701795,8.99E+00
1966,11,1.12E+01,19.49446294,11.23981627,7.83E+00
1966,12,6.57E+00,16.96246765,10.69607419,7.70E+00
1967,1,1.54E+01,17.1851757,11.64946221,8.77E+00
1967,2,1.79E+01,16.94358857,11.57810603,7.51E+00
1967,3,11.61247075,16.31718867,11.01786359,7.93E+00
1967,4,1.11E+01,17.04215622,-2.515685748,7.82E+00
1967,5,9.82E+00,18.4679978,-0.53897379,9.41E+00
1967,6,1.49E+01,18.89236173,1.828459229,9.52E+00
1967,7,1.10E+01,19.03413495,11.17589114,8.61E+00
1967,8,11.05570828,17.38486934,11.21365415,7.51E+00
1967,9,8.32E+00,16.60878323,10.28962113,1.46E+01
1967,10,5.31E+00,17.88378997,10.77999746,1.65E+01
1967,11,7.58E+00,19.68996561,11.43464275,1.77E+01
1967,12,1.14E+01,21.89300596,10.67532469,2.07E+01
1968,1,4.52E+00,25.28337587,11.64036735,2.06E+01
1968,2,2.30E+00,25.32407417,10.59078125,2.13E+01
1968,3,8.26E+00,25.02368142,11.06913866,2.16E+01
1968,4,6.30E+00,25.56632911,12.49810594,2.18E+01
1968,5,8.691588785,25.63865102,11.15577383,2.08E+01
1968,6,4.07E+00,26.44701762,9.602471978,2.35E+01
1968,7,8.14E+00,27.04683795,0.642234713,2.44E+01
1968,8,6.82E+00,28.42047059,-0.076405517,2.47E+01
1968,9,5.81E+00,26.45380222,-0.206338953,1.67E+01
1968,10,4.15E+00,27.13465409,-0.428830181,1.41E+01
1968,11,3.84951881,28.60410127,0.138214347,1.30E+01
1968,12,3.48E+00,27.9360516,-0.561652598,9.80E+00
1969,1,3.20E+00,27.00617526,0.178251868,8.56E+00
1969,2,2.69E+00,30.3580253,9.702416623,8.38E+00
1969,3,2.08E+00,32.39013066,9.74263562,8.70E+00
1969,4,2.44E+00,33.1738122,10.01790302,9.66E+00
1969,5,1.46E+00,33.61525673,10.24770789,8.94E+00
1969,6,5.10E-01,32.76265399,10.1646218,5.89E+00
1969,7,-4.18E-01,30.72610201,9.563119157,4.40E+00
1969,8,1.68E+00,31.18793811,10.67426248,3.41E+00
1969,9,2.535925613,30.21749531,10.56125182,3.50E+00
1969,10,3.39E+00,28.9270289,11.04377457,3.81E+00
1969,11,3.79E+00,28.38906115,9.513752133,4.54E+00
1969,12,3.20E+00,29.3420031,10.74764606,5.70E+00
1970,1,2.94E+00,31.67114071,8.718559703,5.95E+00
1970,2,3.80E+00,31.25197033,0.303978281,5.10E+00
1970,3,4.50E+00,31.78965321,0.027319381,4.26E+00
1970,4,4.26E+00,30.92343292,-0.26721627,3.05E+00
1970,5,4.41E+00,30.26252157,8.66558725,2.70E+00
1970,6,4.90E+00,29.79729675,9.658384352,4.09E+00
1970,7,5.04E+00,30.7622492,8.963905114,4.50E+00
1970,8,3.39E+00,32.03534195,8.059081541,5.25E+00
1970,9,3.22E+00,34.9355641,9.177681266,6.50E+00
1970,10,3.28E+00,35.59911598,7.764324979,6.82E+00
1970,11,3.00E+00,35.34069926,10.03522564,6.42E+00
1970,12,4.08E+00,34.93282727,9.557027956,5.61E+00
1971,1,3.34E+00,28.13454191,10.81369605,5.40E+00
1971,2,2.68E+00,22.83661195,9.990010705,6.34E+00
1971,3,2.93E+00,20.06708328,9.245871185,6.52E+00
1971,4,2.78E+00,20.16681957,9.559404605,6.29E+00
1971,5,2.44E+00,20.97819212,9.084423113,6.96E+00
1971,6,3.30E+00,21.05050705,7.800762909,6.32E+00
1971,7,4.00E+00,19.09878001,9.51271239,7.76E+00
1971,8,5.11E+00,17.40399304,10.12480465,8.10E+00
1971,9,5.75E+00,15.56273248,8.435871291,6.54E+00
1971,10,4.52E+00,16.50891516,9.784350348,6.55E+00
1971,11,3.78E+00,18.8512629,16.61497228,7.16E+00
1971,12,3.29E+00,22.12807472,16.08641629,7.67E+00
1972,1,4.02E+00,24.82107367,16.12300806,7.81E+00
1972,2,4.35E+00,31.96033057,17.02084412,8.26E+00
1972,3,3.48E+00,33.95762293,16.64735368,1.20E+01
1972,4,4.05E+00,38.10739098,16.28911519,8.59E+00
1972,5,3.80E+00,40.04784279,7.273340528,7.17E+00
1972,6,3.04E+00,40.13237587,15.94982655,8.13E+00
1972,7,2.23E+00,45.94491924,15.15490857,5.71E+00
1972,8,7.60E-01,77.22684871,14.93516417,5.36E+00
1972,9,5.29E-01,114.3254002,16.0993282,7.16E+00
1972,10,1.75E+00,142.8870074,16.02510458,6.96E+00
1972,11,2.58E+01,149.8471844,7.211664936,5.20E+00
1972,12,23.59635812,163.4272325,13.96898334,4.31E+00
1973,1,2.32E+01,180.3277566,14.24295744,4.67E+00
1973,2,2.35E+01,174.1503988,15.27603449,4.80E+00
1973,3,2.66E+01,183.3489089,17.09226041,2.47E+00
1973,4,2.81E+01,195.5273267,23.83426423,6.46E+00
1973,5,2.89E+01,238.4572351,24.06795366,9.73E+00
1973,6,2.82E+01,283.4239699,21.04687095,9.70E+00
1973,7,3.18E+01,323.2348233,20.97226569,1.16E+01
1973,8,3.67E+01,303.6366598,25.30429621,1.20E+01
1973,9,4.02E+01,286.0256913,19.92560417,1.25E+01
1973,10,5.17E+01,528.4111114,24.90712266,1.23E+01
1973,11,2.46E+01,528.9329624,27.95964033,1.40E+01
1973,12,3.47E+01,508.0535494,19.90984437,1.38E+01
1974,1,5.67E+01,529.0826779,20.84933528,1.48E+01
1974,2,7.57E+01,651.9460334,25.62423845,1.61E+01
1974,3,7.56E+01,708.7594262,31.03628065,1.56E+01
1974,4,7.48E+01,746.2684319,22.58912169,1.63E+01
1974,5,7.53E+01,670.2431905,27.13531493,1.67E+01
1974,6,7.86E+01,704.6084832,21.15784314,1.78E+01
1974,7,7.31E+01,678.1654778,20.97753996,1.76E+01
1974,8,6.79E+01,637.1898583,16.6123322,1.71E+01
1974,9,5.98E+01,611.4691287,27.98165466,1.68E+01
1974,10,4.55E+01,350.9507503,25.45048909,1.63E+01
1974,11,4.65E+01,368.0560965,25.04526041,1.77E+01
1974,12,3.90E+01,375.879359,27.2489616,1.91E+01
1975,1,2.13E+01,375.1042901,31.59067695,2.03E+01
1975,2,7.90E+00,344.7907069,23.9414717,2.19E+01
1975,3,5.94E+00,371.897797,23.15691253,2.17E+01
1975,4,5.12E+00,394.2507225,23.56043452,2.23E+01
1975,5,4.72E+00,427.4109558,23.51190647,2.11E+01
1975,6,4.24E+00,422.8637553,26.88356571,2.04E+01
1975,7,6.25E+00,412.5107669,26.8289016,2.53E+01
1975,8,7.61E+00,403.3218757,26.89047955,2.66E+01
1975,9,1.01E+01,387.3731695,21.50951836,2.63E+01
1975,10,1.06E+01,344.4093816,17.96094766,2.74E+01
1975,11,7.83E+00,338.2214699,20.16672231,2.54E+01
1975,12,6.04E+00,340.7000031,19.33429312,2.40E+01
1976,1,5.99E+00,327.3238196,15.35229579,2.90E+01
1976,2,7.356418645,303.5399559,20.75820348,2.71E+01
1976,3,5.68E+00,278.1624709,14.66949785,2.74E+01
1976,4,5.03E+00,250.3731432,18.44200222,2.57E+01
1976,5,5.27E+00,231.8716508,17.84550017,2.46E+01
1976,6,4.98E+00,211.2840553,16.30423391,2.32E+01
1976,7,3.49E+00,210.0559521,20.20907645,3.36E+01
1976,8,2.40E+00,200.2552688,23.18617329,3.69E+01
1976,9,2.25E+00,195.830248,21.87248113,4.02E+01
1976,10,2.80E+00,191.2006808,25.79654887,4.20E+01
1976,11,3.58E+00,179.462441,22.91208964,4.28E+01
1976,12,5.50E+00,174.3204079,24.58657546,4.47E+01
1977,1,7.56E+00,163.0214602,24.09668378,4.01E+01
1977,2,5.74E+00,152.9247133,25.11351099,3.93E+01
1977,3,5.18E+00,136.3491449,32.42564226,4.00E+01
1977,4,6.36E+00,121.1431718,35.70683209,4.13E+01
1977,5,5.68E+00,109.025864,38.52282472,4.30E+01
1977,6,7.91E+00,92.26428574,41.41794282,5.25E+01
1977,7,8.162531464,83.49498501,37.22763273,3.80E+01
1977,8,9.32E+00,79.90212203,35.82198658,3.65E+01
1977,9,9.29E+00,73.40334144,36.07545745,3.39E+01
1977,10,1.06E+01,69.31764757,31.83063846,3.23E+01
1977,11,1.06E+01,66.67275384,31.28354605,3.30E+01
1977,12,1.05E+01,63.4916824,29.81710018,3.24E+01
1978,1,7.50E+00,57.15646815,29.03679307,3.75E+01
1978,2,6.69E+00,52.08394944,24.18040073,4.22E+01
1978,3,9.05E+00,47.53065547,22.11930095,4.27E+01
1978,4,8.85E+00,44.58652374,18.60291169,4.39E+01
1978,5,7.93E+00,42.20426532,13.96360814,6.01E+01
1978,6,8.01E+00,40.4013567,14.93386061,5.61E+01
1978,7,1.11E+01,38.52676798,13.76177462,5.77E+01
1978,8,1.09E+01,37.72937846,13.28779793,6.02E+01
1978,9,1.18E+01,36.58769665,13.08313424,6.58E+01
1978,10,1.43E+01,33.50964755,15.38006154,7.06E+01
1978,11,1.38E+01,32.38742303,16.33498643,7.20E+01
1978,12,1.35E+01,30.32026281,17.8218521,7.37E+01
1979,1,1.38E+01,30.84842579,21.78298547,7.09E+01
1979,2,1.77E+01,29.84384793,21.72973831,7.13E+01
1979,3,1.71E+01,29.69728099,21.86858555,7.54E+01
1979,4,1.60E+01,29.67535542,22.25067581,7.97E+01
1979,5,1.98E+01,30.19068881,23.82332489,6.43E+01
1979,6,1.76E+01,30.81610404,20.12455189,6.18E+01
1979,7,16.58144813,32.21345332,22.64420313,6.76E+01
1979,8,17.15388587,34.68637959,24.66518543,6.53E+01
1979,9,17.65925781,36.06257436,26.71251311,6.43E+01
1979,10,15.21468356,36.83972772,27.45258201,6.43E+01
1979,11,20.20671835,37.92350022,29.06747694,6.70E+01
1979,12,45.44689407,38.89999998,27.92111232,6.67E+01
1980,1,46.89914387,38.76552872,27.36378907,6.71E+01
1980,2,44.41465188,39.04129366,27.09262429,6.50E+01
1980,3,47.47546222,39.21917424,25.15274486,6.25E+01
1980,4,49.88155746,39.14035411,27.03338305,5.89E+01
1980,5,50.60343667,38.86416233,27.42889758,5.71E+01
1980,6,56.15137089,38.05140675,28.02059339,5.73E+01
1980,7,53.80501059,35.93697621,27.76941952,5.22E+01
1980,8,55.90346275,32.65845072,26.45502573,5.43E+01
1980,9,50.45101089,30.37116896,26.6275913,5.93E+01
1980,10,49.96430393,30.99533907,26.01985259,5.91E+01
1980,11,45.3177519,31.61845883,25.77576383,5.95E+01
1980,12,23.93589661,31.23830094,26.79118901,6.08E+01
1981,1,36.9217405,30.5935429,24.81416346,6.94E+01
1981,2,39.01406678,28.64659052,28.36204047,7.07E+01
1981,3,36.36335495,25.97175521,29.20227195,7.57E+01
1981,4,35.32622372,24.35889027,25.87782606,7.81E+01
1981,5,34.26626549,23.15384615,27.16563472,8.17E+01
1981,6,27.40052788,20.95861113,27.77815976,8.16E+01
1981,7,27.36402838,19.29099876,29.1093623,8.09E+01
1981,8,30.63482662,18.14562345,29.50811024,7.96E+01
1981,9,33.09902832,16.75132898,27.38623285,7.17E+01
1981,10,32.2687704,13.79626972,27.00783401,7.26E+01
1981,11,30.58820365,11.0831516,25.69544299,7.18E+01
1981,12,25.12353605,9.539744372,25.94760078,7.27E+01
1982,1,14.10626125,8.533952289,26.24013324,6.15E+01
1982,2,29.9494052,7.345423231,25.1572249,6.02E+01
1982,3,40.93731201,6.96134957,23.65998389,6.02E+01
1982,4,58.55615185,5.564052513,24.96551186,6.09E+01
1982,5,61.36053516,3.659171355,24.0115585,5.89E+01
1982,6,68.73102745,4.248569957,24.89339611,6.10E+01
1982,7,102.2323671,5.659207199,23.15914522,6.18E+01
1982,8,124.9252932,7.755935671,23.28539216,6.31E+01
1982,9,170.0372787,11.34776889,25.14295425,6.57E+01
1982,10,207.4081691,16.319532,25.51165711,6.98E+01
1982,11,265.5826502,19.96476215,24.97851985,7.11E+01
1982,12,296.5462197,20.73317303,24.24138976,7.29E+01
1983,1,289.037717,22.00726114,22.73254606,7.81E+01
1983,2,269.5668458,23.12512531,22.0795005,8.48E+01
1983,3,282.0786019,24.90517066,22.00017247,9.09E+01
1983,4,267.6688073,28.74700246,22.88787782,9.72E+01
1983,5,286.1768831,31.18252573,22.4387609,1.01E+02
1983,6,280.6158897,32.34897987,20.06631848,1.08E+02
1983,7,244.5676359,32.26374481,20.12724675,1.16E+02
1983,8,268.1076227,31.57221379,18.1923625,1.25E+02
1983,9,258.6873742,29.10627476,17.02243113,1.29E+02
1983,10,248.9974443,26.1781921,16.68968398,1.25E+02
1983,11,266.7006563,23.74218457,17.23249872,1.25E+02
1983,12,328.4883052,23.09191974,16.73666314,1.25E+02
1984,1,366.6858954,21.05007979,17.40994083,1.24E+02
1984,2,420.6718894,20.71585504,16.96050843,1.26E+02
1984,3,464.0893119,21.47767778,16.79349034,1.19E+02
1984,4,748.3150045,19.73227011,15.00373772,1.15E+02
1984,5,1041.55068,19.52156283,14.52715927,1.17E+02
1984,6,1051.157884,19.1843066,15.11103993,1.13E+02
1984,7,1000.019278,17.97717271,15.79100144,1.06E+02
1984,8,904.4590664,15.17993939,16.34013134,1.04E+02
1984,9,1084.943557,15.83309655,16.77601557,99.88353189
1984,10,1590.546249,22.35511717,15.73553371,1.01E+02
1984,11,1682.312279,22.15735583,16.55947566,1.06E+02
1984,12,2177.232221,23.03956705,18.35265956,1.11E+02
1985,1,3407.649803,26.81169975,19.1717537,1.25E+02
1985,2,7963.520023,29.56587911,21.12110296,126.9500349
1985,3,8216.573026,29.91360005,22.88246922,1.29E+02
1985,4,5604.401606,30.92206427,23.67083514,1.44E+02
1985,5,5163.965124,31.97744922,27.07844481,1.55E+02
1985,6,8926.874982,35.12119907,27.82809453,1.69E+02
1985,7,14173.11389,35.66957512,25.35319972,1.84E+02
1985,8,20560.876,36.52666832,24.71312326,1.92E+02
1985,9,23447.03771,34.27435067,24.19137684,1.88E+02
1985,10,14421.60247,25.98215702,24.56319973,1.81E+02
1985,11,11291.715,26.52749949,23.32262348,169.8947046
1985,12,8170.520125,26.41603274,21.9988925,1.58E+02
1986,1,6416.202313,25.85366257,23.14331165,1.38E+02
1986,2,2387.632283,24.4904528,23.79519044,1.27E+02
1986,3,1892.361232,22.90406274,22.82689317,1.21E+02
1986,4,1746.400299,21.83137792,22.64209661,1.05E+02
1986,5,1274.142613,20.27674226,16.43899935,9.08E+01
1986,6,702.7882408,17.55281053,13.35867511,7.68E+01
1986,7,391.3358203,17.20663569,14.50352092,6.76E+01
1986,8,197.0476916,16.90877684,15.96982674,5.72E+01
1986,9,94.11758839,17.27335362,16.77862055,5.73E+01
1986,10,98.97210477,17.28668336,18.26365385,5.88E+01
1986,11,92.59685849,17.06269615,19.83140655,6.01E+01
1986,12,65.96345008,17.35597104,20.97892223,6.29E+01
1987,1,27.87588822,16.56546548,21.14750986,65.09281119
1987,2,19.91411002,17.51872822,19.82422947,6.73E+01
1987,3,20.66911945,17.67989137,20.26936748,6.74E+01
1987,4,18.33850349,18.80524132,19.91045769,7.15E+01
1987,5,17.60258358,19.74939467,22.85070228,75.70942915
1987,6,12.55211148,18.99740451,25.19770183,77.62430845
1987,7,10.52075777,19.80604206,26.55501576,82.24258771
1987,8,10.91130064,20.75731339,25.33322875,88.19935864
1987,9,9.066866969,21.1985847,24.9290846,93.47465421
1987,10,10.691745,22.26517351,24.60104286,97.95626245
1987,11,10.49405325,22.89720772,24.56947162,104.7859626
1987,12,10.6621006,21.45175393,24.20239925,114.5124042
1988,1,7.529124489,19.94751685,23.98817977,126.9987237
1988,2,8.288500222,18.34718198,25.91100957,140.4156083
1988,3,8.443393665,18.62856769,26.21355955,179.8194821
1988,4,11.79882164,16.79436025,28.32983026,209.5478422
1988,5,12.99407891,15.58676755,28.55970006,217.1628999
1988,6,15.57151999,15.48242875,30.13911782,229.6672349
1988,7,20.25150515,13.72710582,30.1679287,302.1471238
1988,8,21.92374698,13.02650531,29.81171909,355.863277
1988,9,20.7758083,11.96159771,29.0766572,816.7661489
1988,10,20.76180852,10.98257838,28.67617419,1111.800386
1988,11,20.87732718,10.94284925,27.57713569,1307.194528
1988,12,21.50510973,12.68290565,28.07958889,1722.320786
1989,1,22.64546969,13.11953353,27.71965312,2280.63805
1989,2,20.96621113,12.83838737,27.11801827,2933.365147
1989,3,20.96563867,12.86349643,26.64630649,3413.171448
1989,4,15.62643294,13.16057485,24.96921574,4328.421071
1989,5,14.72784013,14.84568595,24.90845304,5148.674197
1989,6,12.21260254,16.16659201,23.6955418,5835.470287
1989,7,8.401613182,18.12388191,23.77629943,5548.783092
1989,8,9.180510601,18.35625553,25.71911107,5704.597823
1989,9,13.66483948,19.74508297,26.5518904,3339.060988
1989,10,13.66669939,21.35512505,26.71719435,2914.68161
1989,11,15.87000201,21.14935203,27.19108763,2949.431441
1989,12,16.5624071,21.41144582,26.25769005,2774.98125
1990,1,17.21366455,23.07090901,26.77677578,2433.93292
1990,2,16.46518357,23.28116633,27.17504494,2221.213597
1990,3,15.89859546,23.89763295,27.6210263,2068.443313
1990,4,16.14478459,24.79962339,28.00414322,1903.052306
1990,5,16.06288584,24.2659817,28.1841234,1968.09735
1990,6,18.60401338,24.78899086,28.94642193,2296.378353
1990,7,20.16682832,24.60139697,28.73207066,3039.848774
1990,8,17.79620595,25.84730966,28.99288556,12377.31712
1990,9,14.90656696,29.25463976,30.35135326,11089.88207
1990,10,16.45201104,30.42990135,30.72075073,9851.898327
1990,11,17.70008759,29.35532005,30.85673499,8277.426487
1990,12,18.01027038,27.32920971,32.26836085,7649.645217
1991,1,23.60735247,24.75280773,31.97033485,6932.423033
1991,2,24.05537783,24.54613095,31.66651572,5795.221988
1991,3,24.40903664,23.0193614,31.19061918,4686.520831
1991,4,24.61374441,23.10300521,31.22368319,3589.80818
1991,5,24.90483803,24.27491651,31.46676517,2890.965061
1991,6,23.37652695,23.84670955,30.95628318,2191.934044
1991,7,22.23234311,24.02043717,31.57948493,1431.260937
1991,8,22.14578926,23.04554048,31.18959187,230.4183962
1991,9,21.22839383,18.84012143,30.05447204,206.5737809
1991,10,18.31749823,17.78197435,29.18155488,190.7344263
1991,11,16.00922182,17.82856798,28.24720863,185.3248503
1991,12,14.52028049,18.65801646,26.88400112,139.2284845
1992,1,10.98213906,19.45865111,27.40721259,110.2152014
1992,2,13.16613407,18.55546926,27.3280606,101.2202687
1992,3,13.04085008,18.01807122,27.09665227,100.7412017
1992,4,12.78469057,17.40454031,27.10003294,95.68276457
1992,5,12.67940997,15.77652051,27.28028221,88.04548592
1992,6,12.55851083,14.46348713,28.1646548,78.28153745
1992,7,12.45855911,13.68237252,28.36828871,69.15978636
1992,8,12.33813861,13.92565437,27.75334021,62.1978487
1992,9,11.94145002,15.07104465,26.82448637,57.67980742
1992,10,11.44362809,13.43453412,26.3034771,57.20387348
1992,11,11.07629934,14.00092246,25.73442722,56.56874411
1992,12,10.45912362,12.69427429,25.131605,56.73391911
1993,1,9.526779703,11.65218698,24.90767193,58.71067285
1993,2,8.143278794,12.81179138,24.71244278,55.97340832
1993,3,7.52480285,12.6626301,24.19496851,51.317476
1993,4,7.368222361,12.75744555,23.0417905,53.15686515
1993,5,7.438196575,13.19178049,22.24366119,52.55710663
1993,6,7.710680509,12.9756358,21.33740495,49.95056484
1993,7,8.092654528,12.82758952,20.42661648,48.8812081
1993,8,8.983964162,13.61474576,21.04352358,48.45759381
1993,9,9.491509923,12.32483929,21.47883343,47.01244883
1993,10,9.483986304,13.59201167,21.68524164,43.9908264
1993,11,9.143864379,12.09035738,22.39170876,41.29852353
1993,12,9.307963911,12.23467577,22.62098085,39.47970358
1994,1,8.372730574,13.21672833,22.48803828,35.47691354
1994,2,7.936443009,13.11222781,23.02936631,34.01211453
1994,3,7.900332423,13.7400342,23.3510235,31.55392445
1994,4,8.301004951,12.72010512,23.95833333,27.92305231
1994,5,8.140276746,12.68402193,23.86530015,25.04629589
1994,6,7.682555935,12.72688218,23.07137707,24.21553864
1994,7,7.497661588,12.29659881,22.72079772,21.97968153
1994,8,6.950092302,11.16896099,22.3628692,20.78892279
1994,9,7.032151153,10.43107708,22.32267038,19.47470794
1994,10,7.30391928,8.296873118,22.36751549,18.03719197
1994,11,8.900608295,8.855200626,22.14673913,17.59195137
1994,12,8.521695828,8.945725264,22.56548019,15.3837273
1995,1,8.517498132,8.504822833,21.02864583,13.7240353
1995,2,8.528839953,8.71539707,20.85427136,12.9596234
1995,3,9.633542323,8.161512027,21.38905962,11.90822287
1995,4,10.79622034,8.286702417,21.18847539,11.29065425
1995,5,10.642466,7.417340332,21.27659574,11.42211153
1995,6,10.87337429,7.635289634,21.67545401,11.05649045
1995,7,10.27206682,7.889154071,21.47417295,10.70452294
1995,8,9.496754418,8.458224054,21.09195402,10.1646451
1995,9,9.396983772,8.567753481,20.75042638,10.02910876
1995,10,10.61152756,8.765752409,20.52868391,10.27304862
1995,11,10.73617334,8.191949894,20.13348165,10.29731212
1995,12,12.5778576,8.198317352,19.45205479,10.22819349
1996,1,13.38048464,7.810817224,20.22592792,11.18399652
1996,2,15.8694815,7.824191791,20.84199584,11.62096551
1996,3,14.54496516,7.948227309,20.20253165,11.62992848
1996,4,12.53992742,8.382825256,19.91084695,11.50466504
1996,5,12.4445443,8.595784142,19.78557505,11.38610838
1996,6,12.26598603,8.254996725,19.74000963,11.00685582
1996,7,13.09422692,7.670429607,20.59245103,11.89412186
1996,8,13.68152357,6.382243717,21.12007594,11.76849678
1996,9,13.27836899,6.270712066,21.56308851,11.69351145
1996,10,11.10179913,6.20889419,21.88520765,11.94409085
1996,11,9.707354541,6.551794592,21.89814815,11.08707838
1996,12,7.949922413,6.631466359,21.65137615,11.83999475
1997,1,6.299342685,6.87751854,20.62639821,10.99888325
1997,2,3.637646506,7.214324215,19.56989247,9.419355275
1997,3,3.616525526,6.776033044,18.91322662,9.304800028
1997,4,4.422629155,6.054134592,18.5047501,8.780332878
1997,5,4.772062356,5.445528295,18.63303499,8.810158191
1997,6,5.197743759,5.254292723,18.65701649,9.482424143
1997,7,5.341936725,5.581463606,17.90808241,8.893514176
1997,8,4.943240438,5.559344049,17.94670846,8.140834672
1997,9,3.679509372,6.021877171,18.04802479,8.106721315
1997,10,4.150137051,6.558218629,17.80245023,7.481019415
1997,11,3.746084664,6.283157558,17.81238131,7.063446413
1997,12,6.730937869,6.045504482,17.68476621,6.463027498
1998,1,8.229990236,6.248019771,17.84124629,6.913531061
1998,2,8.92153338,5.231653862,18.02158273,8.137313291
1998,3,9.415556346,5.317066295,19.27027984,8.185167488
1998,4,9.115515519,5.383846898,20.77378878,8.426416329
1998,5,8.671997888,5.332502725,20.67901235,8.25245664
1998,6,7.908264189,5.441014247,20.70484581,7.657251904
1998,7,6.802995031,5.257061667,20.26209677,7.443024163
1998,8,6.1307126,5.186575199,18.93687708,7.483429975
1998,9,7.199413373,4.762412753,17.78215223,6.593429191
1998,10,7.847156235,4.319352022,17.09457264,6.075755826
1998,11,7.744343491,4.278927111,16.37653127,6.025689245
1998,12,4.392165902,4.664884992,16.69336751,6.006793752
1999,1,3.103765645,3.594858949,17.18602455,5.06940261
1999,2,2.643830622,3.804063839,15.39164889,4.114921446
1999,3,1.997899327,4.052285638,13.51351351,3.388675345
1999,4,1.560846583,4.033416777,11.16883117,3.366658161
1999,5,1.334784229,3.966939705,9.974424552,3.240993002
1999,6,1.475443025,3.757459663,8.955642897,2.880760811
1999,7,1.443517682,3.387865894,8.773400391,2.507762713
1999,8,1.943427626,3.241891615,9.273743017,2.412336986
1999,9,2.601828624,2.938481009,9.331476323,3.439895951
1999,10,2.324692119,2.486614423,9.325562032,3.662102421
1999,11,2.364892431,2.559185674,9.639889197,3.918033238
1999,12,3.133487077,2.309535081,9.253157606,3.726403068
2000,1,3.523459058,2.831071259,8.246038141,3.783740426
2000,2,3.560098695,3.329545945,8.901215003,3.954629132
2000,3,4.633215303,3.424275771,9.706959707,3.881437173
2000,4,5.803710823,3.532477148,9.942886812,3.80079503
2000,5,4.393513911,3.629278837,10,3.33132763
2000,6,4.212629072,3.722218277,9.662458129,3.212376424
2000,7,4.754322725,3.787749773,9.298741331,3.472907069
2000,8,4.624219799,3.851111143,9.100204499,3.779656121
2000,9,5.923410143,4.246569535,9.197452229,3.87891499
2000,10,6.578685395,4.506153716,8.987052551,4.246504353
2000,11,3.79403004,4.68418315,8.817584639,4.024487195
2000,12,3.411910716,4.52601618,8.745916059,3.734235306
2001,1,3.103109504,4.694454553,8.486352357,3.856948463
2001,2,2.650457165,3.794332164,8.052389037,3.614292999
2001,3,1.796036725,3.534760319,7.822561412,3.579925963
2001,4,1.036213835,3.509592244,7.981109799,2.623670236
2001,5,2.125395261,3.739587479,7.86939159,2.631379603
2001,6,2.681471351,3.559888274,7.941729323,2.506538449
2001,7,3.166167451,3.222895273,8.084606345,2.156163507
2001,8,2.086843658,3.783311966,8.036551078,1.372165911
2001,9,-0.023974477,3.912265481,7.979468035,0.874859439
2001,10,-1.271463445,3.42792465,8.013044491,0.678418617
2001,11,1.080188527,3.06989861,7.778035756,0.118320506
2001,12,0.924897062,2.635850246,7.649641784,-0.127351804
2002,1,0.691948772,2.20855615,7.387923147,-0.832735542
2002,2,0.931581548,2.533190291,6.711560045,-1.114359957
2002,3,0.849877216,2.586586587,5.883654059,-1.084348778
2002,4,0.605906623,2.500431796,5.641810628,0.05361639
2002,5,0.831880321,2.149641506,5.836236934,0.168195889
2002,6,0.200386347,1.963350785,6.24727906,-0.002034627
2002,7,-0.577535523,2.613591204,6.153511633,-0.140233563
2002,8,0.30163191,2.180140875,5.985686402,0.264298507
2002,9,1.027511597,2.292117828,5.963699222,0.675922178
2002,10,1.499683759,3.043330988,6.3618719,1.360750801
2002,11,2.274742125,2.961524931,7.065919862,1.455986498
2002,12,2.445904642,2.824319732,6.977243452,1.515843599
2003,1,2.858863306,3.008423586,7.390841321,2.282565311
2003,2,2.422280543,3.829503394,7.23601178,2.802515503
2003,3,2.79910553,4.489806539,7.603927303,3.394929527
2003,4,3.155880194,4.002644234,7.845166632,2.594108666
2003,5,3.126844956,3.510793976,7.736625514,2.419074133
2003,6,3.227369677,3.642328289,7.21163696,2.166703611
2003,7,3.418365111,3.095671482,7.046292503,1.979265395
2003,8,3.852967402,2.878271494,7.264170248,1.890187639
2003,9,3.618132751,2.212699749,7.116639478,1.976430694
2003,10,4.348283054,1.172023162,6.569343066,1.299142279
2003,11,3.257859816,0.952875076,6.136820926,1.875868764
2003,12,3.938802594,1.072767715,6.502107164,2.483753673
2004,1,4.167876777,0.788551402,6.188020627,2.796657911
2004,2,4.589908171,-0.008817565,6.276971361,3.428219756
2004,3,4.248041674,-0.747067759,6.212385944,2.755868792
2004,4,3.943077632,-0.286650797,5.489443378,2.784744385
2004,5,4.3524408,0.61929188,5.366692131,3.181486757
2004,6,4.915083718,1.055923933,6.07682018,4.256499416
2004,7,4.842531098,1.378645396,6.180635285,4.613929555
2004,8,4.538972955,1.595139575,5.894696681,4.589875142
2004,9,4.269799186,1.453597185,5.977536646,4.026242051
2004,10,3.819701592,1.908249085,5.898021309,3.950569681
2004,11,4.926448584,2.481918347,5.819905213,4.07439965
2004,12,4.624173139,2.428350457,5.502166949,3.481080682
2005,1,5.407948396,2.291711287,5.435188644,3.030979111
2005,2,5.260533222,2.18568909,5.241786637,1.684863469
2005,3,5.708937321,2.404847329,5.026503381,1.876923737
2005,4,5.288303403,2.944742335,5.021834061,2.021207975
2005,5,5.566240704,2.686975443,5.038970455,1.789913603
2005,6,6.39928439,2.666699681,4.809944154,1.486190315
2005,7,5.351216893,3.056989699,4.901784105,1.396550858
2005,8,5.34820188,2.967921348,4.863988471,1.224094274
2005,9,5.533754687,3.934277035,5.011675948,1.111786388
2005,10,5.073316716,4.137440526,5.282069709,1.282228092
2005,11,4.960048637,3.62293137,5.087782157,1.061091714
2005,12,4.908518224,3.663597299,4.840150027,1.494260325
2006,1,3.906763669,4.077987979,4.552701506,1.899283001
2006,2,4.177289462,4.083091907,4.19151175,2.698926633
2006,3,3.724137271,4.031556639,4.124608423,2.501963921
2006,4,4.261137186,3.766254265,4.106029106,2.902458797
2006,5,4.428768428,3.739132541,4.037963762,2.230035693
2006,6,3.486399064,3.916650588,3.953248539,1.825984708
2006,7,4.55421999,3.842420029,4.329153066,1.54620334
2006,8,4.385763685,3.814485965,4.72427418,1.870670153
2006,9,4.313503056,2.812684889,4.584331167,1.994709386
2006,10,4.41209146,2.051294129,4.180887372,1.89185277
2006,11,4.738876167,2.123490598,4.312990113,1.535270271
2006,12,4.945169289,2.567686003,4.480408859,1.137484663
2007,1,6.022641006,2.797533815,4.710267706,0.644192486
2007,2,6.574575508,2.715955796,5.251641138,0.35510658
2007,3,7.188970857,2.552930925,5.783051981,0.24688947
2007,4,6.764552672,2.48756801,6.257280746,-0.084042325
2007,5,6.359425673,2.87251675,6.23652347,0.940332273
2007,6,6.594602694,3.228277014,6.018518519,1.549031282
2007,7,8.835309764,3.83066145,5.763214227,2.206143371
2007,8,10.3584689,4.679244414,5.216535433,2.203653994
2007,9,10.47834916,5.848976257,5.004906771,2.801517168
2007,10,11.33534512,6.451352349,5.15970516,3.079191233
2007,11,11.86157635,7.436602788,5.425723157,3.485606507
2007,12,11.72645688,7.823144962,5.690526659,3.92767933
2008,1,11.34737289,7.455075,6.003236246,4.148627834
2008,2,13.31996415,8.070802583,6.348952503,4.821297912
2008,3,14.081554,8.508439545,5.925106652,5.545200202
2008,4,15.21917377,8.301081161,5.732184808,5.519928462
2008,5,16.84319727,8.875021274,6.385636222,5.391424772
2008,6,17.3229722,9.474133861,7.189644417,5.706026883
2008,7,14.78802349,9.476223294,7.519850537,5.790114336
2008,8,13.72906533,9.305240933,7.873401933,6.269298434
2008,9,14.51369399,9.232458763,7.570093458,6.221452269
2008,10,13.30439928,9.853124492,7.943925234,6.538180994
2008,11,12.07744443,8.887382735,7.719733375,6.748910089
2008,12,11.84965202,7.092753033,7.682813946,6.650207334
2009,1,11.04118203,6.317559967,7.174477179,6.526482903
2009,2,8.128586409,5.506887611,6.466165414,5.490001686
2009,3,6.563669397,5.037037037,6.130668258,4.778362751
2009,4,5.323961481,4.478083954,5.732484076,4.636911337
2009,5,3.200127638,3.025313422,4.769592016,4.206875984
2009,6,2.117642011,1.862690736,3.812018042,3.059862856
2009,7,1.447299168,0.287347569,3.272516652,2.681894455
2009,8,1.417620114,-0.995975855,3.121838416,1.867416082
2009,9,0.643999442,-1.075054748,3.214596003,1.204567756
2009,10,0.784931434,-1.938921506,2.727272727,0.711181736
2009,11,0.457497737,-2.265519251,2.374442366,0.28840247
2009,12,0.263789535,-1.38,2.005730659,0.245316436
2010,1,0.074471714,-0.104549593,2.107961829,0.435718739
2010,2,0.312380761,0.537596725,2.09039548,0.835043258
2010,3,0.685509653,0.239387943,1.841180604,0.755260569
2010,4,1.215573996,0.859889978,1.975343233,0.761653379
2010,5,1.384706286,1.480485986,2.073119485,1.044780152
2010,6,1.32865907,1.132669804,2.242466713,1.643406718
2010,7,2.160952261,2.217586911,2.243409983,1.823251293
2010,8,2.600257662,2.504084708,2.312543798,2.308855083
2010,9,3.270878941,1.901849046,2.272727273,2.365356733
2010,10,4.20371695,2.00574218,2.317741256,2.095087696
2010,11,5.569311805,2.549675741,2.586449255,2.217711573
2010,12,7.181849724,2.983772466,3.16011236,2.076444232
2011,1,8.382878659,2.725221316,3.389594086,2.172642294
2011,2,9.999345569,2.665743465,3.168234643,2.233558589
2011,3,11.10893486,3.372535455,3.187965774,2.663425585
2011,4,11.03272824,3.21914271,2.843797225,3.336270776
2011,5,11.27407882,3.259005146,3.019075065,3.066619887
2011,6,11.2757285,3.430531732,3.235092529,2.910653225
2011,7,11.18019136,2.914607125,3.428414701,3.35053581
2011,8,10.43488082,3.155919481,3.273972603,3.347755762
2011,9,9.929188203,3.279524214,3.731138546,3.726328738
2011,10,9.113797118,3.666610083,4.022515102,4.200586353
2011,11,8.259617233,3.918575064,3.959989038,4.641859308
2011,12,6.903541935,4.439173162,3.730428863,4.738420842
2012,1,5.856690777,4.241297736,3.548300054,4.225364346
2012,2,4.643236138,4.417467543,3.553707925,4.165753943
2012,3,4.026056696,3.781161118,3.397084392,4.231487432
2012,4,4.165553503,3.50233489,3.419716805,4.076846858
2012,5,4.467912281,3.122923588,3.450113228,4.142396168
2012,6,4.54151426,2.653399668,3.200106228,4.00107095
2012,7,4.386780607,2.500828089,3.023070804,3.276114769
2012,8,4.360603003,2.579791632,3.103859928,3.525980736
2012,9,4.43159826,2.829878249,3.094419466,3.741136211
2012,10,4.336525323,2.914688063,3.048700013,3.246630266
2012,11,4.494352115,2.138426379,2.781072888,2.661791888
2012,12,4.540112184,1.476314082,2.441265258,2.649368881
2013,1,4.919568127,1.588588102,1.993485342,2.87207609
2013,2,5.080930586,1.307928306,1.825951826,2.446633
2013,3,5.036993159,1.531517008,1.914370715,2.591824601
2013,4,4.947056155,0.999033194,2.027899768,2.306949926
2013,5,4.718848535,0.950386598,1.995879475,2.46477298
2013,6,4.813949473,1.890145396,2.148739063,2.770735439
2013,7,5.052492252,2.181289384,2.226512227,3.241123531
2013,8,6.083088189,2.192487506,2.277113084,3.276565638
2013,9,7.126330647,1.968,2.270395074,2.830840624
2013,10,7.501402989,1.5433572,1.844262295,3.038482188
2013,11,6.960661898,2.381332907,1.756860734,2.955138663
2013,12,6.479683267,3.021582734,1.934657271,2.859681156
2014,1,6.051099281,3.015797032,2.133367399,3.066631361
2014,2,6.165023043,3.394963341,2.314638179,3.779296932
2014,3,6.123875888,3.858367736,2.513009265,3.377928172
2014,4,6.220117956,5.009572431,2.721863527,3.523154575
2014,5,6.376902734,5.377373544,2.928923116,3.555644426
2014,6,7.334564378,4.772475028,2.796321955,3.449652898
2014,7,7.465754388,4.72802024,2.895631374,3.331163827
2014,8,6.114036984,4.811484461,3.018867925,2.685208889
2014,9,4.297363522,5.131021497,2.859651323,2.738262158
2014,10,3.638710054,6.079598872,3.294768612,3.088040469
2014,11,4.406312433,5.697783328,3.654694392,3.15910225
2014,12,5.194247644,4.639975171,3.657616893,3.224061189
2015,1,5.936730242,4.538413879,3.814884303,3.073263269
2015,2,5.493044624,4.393402189,4.362958359,2.768585171
2015,3,4.754512206,4.188961932,4.556147084,3.020199288
2015,4,4.140870242,4.132482528,4.633965985,3.017412679
2015,5,4.084419578,3.96729255,4.403287134,3.366201869
2015,6,3.193715318,4.418886199,4.411224115,3.544910297
2015,7,3.062184412,4.620262721,4.453688976,3.56292548
2015,8,3.203045943,4.996989765,4.737484737,4.042672842
2015,9,4.07859939,4.641791045,5.340812096,3.904554883
2015,10,4.323391348,3.988183161,5.892378865,3.660204621
2015,11,3.643129621,3.94328755,6.395136778,4.17256708
2015,12,2.953146142,4.389737506,6.766096762,4.397928542
2016,1,2.386272926,4.785894207,7.457831325,4.608687843
2016,2,2.638411915,4.710572947,7.586946165,4.473757015
2016,3,3.281299071,4.446074835,7.969212552,4.301080513
2016,4,4.126005086,4.201925883,7.926972909,3.907213267
2016,5,5.015090718,4.252840082,8.20018797,3.540617658
2016,6,4.155832848,4.202898551,8.602276728,3.341618721
2016,7,3.562865264,4.012122961,8.960993323,2.96195894
2016,8,3.48634238,3.368692661,8.102121707,2.942530958
2016,9,3.465025782,3.095136215,7.280935293,3.126671112
2016,10,3.500594365,2.840909091,6.484249253,3.405287755
2016,11,3.875672375,2.926967889,5.965032568,3.349632455
2016,12,4.002939348,2.699247052,5.74673481,3.23488195
2017,1,3.677145661,2.771493213,5.471465411,3.096364159
2017,2,3.463988491,2.749964744,5.181002989,3.249793246
2017,3,3.336681234,2.753582467,4.694011845,3.974854451
2017,4,2.509490347,2.646317558,4.670959293,3.694715721
2017,5,1.254277459,2.542609668,4.364820847,3.039802536
2017,6,1.837946627,1.696801113,3.98746488,2.732443918
2017,7,2.568686721,1.692798668,3.397118899,2.852069266
2017,8,3.248868698,1.844404382,3.871454761,3.17381007
2017,9,3.611781961,1.452684007,3.970651705,2.944995136
2017,10,3.011828121,1.878453039,4.048801555,2.040143123
2017,11,2.665328167,1.918829376,4.119486682,1.544338232
2017,12,2.714668342,2.268640199,4.091934271,1.364855884
2018,1,2.928071804,2.187671987,3.678112044,1.253188369
2018,2,2.870215547,1.990118035,3.378591727,1.179561248
2018,3,2.728074086,1.804757998,3.132201969,0.363136029
2018,4,3.009193175,1.896057837,3.127932437,0.484869886
2018,5,3.147412381,2.04359673,3.162713275,0.930692513
2018,6,3.171480013,2.543763676,3.200665073,1.429334034
2018,7,2.444780873,2.674307545,3.119151591,1.616100987
2018,8,1.816083865,2.6416122,3.093853821,1.070575427
2018,9,0.918950336,3.136506205,3.227480282,1.280281009
2018,10,1.31372096,2.914859002,3.341288783,1.840893844
2018,11,1.497797948,2.817282947,3.26255826,2.167097464
2018,12,1.507066789,2.569998647,3.177878663,2.192523154
2019,1,1.42764737,2.208159418,3.14774941,2.129157851
2019,2,0.950864165,2.206970798,3.013642843,2.003384855
2019,3,1.062693761,2.484555466,3.219908583,2.247440598
2019,4,1.348656318,2.423025435,3.245374583,2.592644729
2019,5,1.691134786,2.763684913,3.307785397,2.725127546
2019,6,1.729796862,2.707388637,3.423622999,2.29478054
2019,7,1.918086172,2.564784053,3.791086913,2.11191328
2019,8,2.253304324,2.573626957,3.756294058,2.039723394
2019,9,2.258200383,2.24778527,3.810194028,1.851006937
2019,10,2.537632213,2.70056646,3.855808816,1.880562264
2019,11,3.412330571,2.792780925,3.851554664,1.866796949
2019,12,1.469044086,2.993538178,3.8,1.900091579
2020,1,1.209902674,3.477802661,3.618290258,1.888356052
2020,2,1.300969646,3.884134299,3.716149437,1.904037761
2020,3,1.435385619,3.734766086,3.847667782,1.821532969
2020,4,1.715323264,3.424388969,3.505679593,1.724489757
2020,5,1.229238234,2.754319865,2.850449043,1.781919752
2020,6,1.437119543,2.623035969,2.200369974,1.598732392
2020,7,1.346136261,2.500647836,1.972022537,1.861695724
2020,8,1.388457496,2.457320228,1.873240804,1.687398242
2020,9,0.456651324,3.090650459,1.965911292,1.819553907
2020,10,0.275705009,2.963057978,1.740307454,1.724000361
2020,11,-1.096149574,2.729719339,1.487347885,2.142209694
2020,12,0.670472008,2.983354673,1.61849711,1.973232229
2021,1,1.171946257,3.106301719,1.602072141,2.675545384
2021,2,1.399317246,2.839036755,1.562797789,2.401342212
2021,3,1.161842342,2.892875189,1.506680565,2.598185233
2021,4,0.677791136,3.311007203,1.948912015,2.383697724
2021,5,0.536508846,3.641421166,3.302961276,2.447459026
2021,6,0.187136614,3.808680248,3.62960846,3.254606671
2021,7,0.198975752,4.537985084,3.97256359,3.814599065
2021,8,0.177080103,4.771522343,4.439786585,4.952804596
2021,9,0.990546129,5.34370296,4.511349606,5.229574554
2021,10,0.492620887,6.017191977,4.589945833,5.826009926
2021,11,0.958674308,6.699101796,5.253140464,5.655147847
2021,12,0.900950459,7.173940072,5.621918847,6.430387163
2022,1,0.740377847,7.704654896,6.939854594,5.684916594
2022,2,0.701546789,7.81365541,8.003377744,6.147044222
2022,3,0.774000363,9.404542664,8.532486931,6.824089007
2022,4,0.866376356,10.51987768,9.233481811,7.964652773
2022,5,1.414448639,11.54080761,9.059169423,8.091138932
2022,6,1.792155601,12.49390541,9.680088252,8.812632944
2022,7,2.038855573,13.13180169,10.19791094,8.740834915
2022,8,1.547838161,14.08433735,10.83743842,8.397988303
2022,9,1.894088964,13.7294594,11.44129407,8.529852536
2022,10,2.886984244,12.80846063,12.22060694,8.275194627
2022,11,3.170665977,13.34034842,12.53164557,8.447229802
2022,12,3.1228682,12.77262181,13.12269994,8.459162
2023,1,3.144559018,12.34666972,13.25269292,8.664267001
2023,2,2.565368093,11.94558756,13.28294675,8.64592356
2023,3,2.534979068,11.09864213,13.34078789,8.400574009
2023,4,2.695436815,9.905921417,12.81964149,7.965045831
2023,5,2.896794929,8.727988625,12.36731255,7.893885648
2023,6,2.725281751,7.552280854,12.12806973,6.461496992
2023,7,2.700871793,6.466438649,11.79013885,5.881601456
2023,8,3.058495973,5.312070968,11.43209877,5.576147203
2023,9,2.847826039,5.109412627,10.99241621,5.044545948
2023,10,2.075431642,5.041666667,10.47688446,4.343081323
2023,11,1.594144558,4.796781514,10.14783866,3.636475122
2023,12,2.118325341,3.939923876,9.275569309,3.237382564
2024,1,1.863147563,3.795918367,8.349575115,3.023921748
2024,2,2.51660353,4.482793832,7.737730061,3.29406696
2024,3,3.063085098,3.737373737,7.368900357,3.045045926
2024,4,3.460018478,3.967774421,7.168674699,2.422076178
2024,5,3.51699421,4.134392918,7.152496626,2.00493836
2024,6,3.844356147,4.1910135,7.175960532,2.285382257
2024,7,3.953706539,4.597931935,6.857567869,2.127663787
2024,8,5.192868984,4.743281187,6.115665854,2.034097003
2024,9,6.182066934,4.133877876,5.811476012,1.775010536
2024,10,7.938964138,4.680682269,5.408574569,2.00918041
2024,11,9.506090617,4.173639138,5.200962871,2.271990721
2024,12,9.973850534,4.532858274,5.1989544,1.966302701
2025,1,12.03436652,4.935116005,5.223773205,1.851582834
2025,2,13.22308812,4.730258014,5.274396754,1.477329059
2025,3,14.63391362,4.868549172,5.089058524,1.27718027
2025,4,15.00506704,4.523440527,5.157391793,1.651834017
2025,5,18.45654312,4.443585781,5.051777218,1.686662892
2025,6,23.96122485,4.119125894,4.826335612,1.693709046
2025,7,24.85664518,4.251847586,4.900118327,1.688800969
2025,8,25,4.2,4.8,1.8
2025,9,25,4.15,4.75,2
2025,10,25,4,4.7,2.1
2025,11,25,3.85,4.65,2.1
2025,12,25,3.9,4.6,2.2